,IP Address,Processor_Name,CPU_Speed,CPU_Core,CPU_MThread,CPU_Utilization,RAM_Size_GB,RAM_Utilization,Storage_Size_GB,Storage_Used_Size_GB,Evn_Type,OS_Name,OS_Version_Name,SubNet,Server Type
0,192.168.0.316,Intel Core 2 Extreme QX9775,3.2,4,8,3.0,8,85.0,1024,344.0,Testing,Linux,Red Hat Enterprise Linux,255.255 255.0,Physical
1,192.168.0.320,Intel Core 2 Extreme QX9775,3.2,4,8,42.0,8,41.0,128,233.0,Testing,Linux,Fedora,255.255 255.0,Physical
2,192.168.0.322,Intel Core 2 Extreme QX9775,3.2,4,8,94.0,8,93.0,4048,888.0,Testing,Linux,Red Hat Enterprise Linux,255.255 255.0,Physical
3,192.168.0.324,Intel Core 2 Extreme QX9775,3.2,4,8,11.0,8,75.0,512,4689.0,Testing,Linux,Red Hat Enterprise Linux,255.255 255.0,Physical
4,192.168.0.428,Intel Core i7-4790K,4.0,4,8,2.0,12,40.0,128,4556.0,Testing,Linux,Red Hat Enterprise Linux,255.255 255.0,Virtual
5,192.168.1.236,Intel Core 2 Extreme QX9775,3.2,4,8,43.0,8,65.0,2024,367.0,Testing,Linux,Fedora,255.255 255.0,Physical
6,192.168.1.240,Intel Core 2 Extreme QX9775,3.2,4,8,52.0,8,50.0,256,180.0,Testing,Linux,SUSE,255.255 255.0,Physical
7,192.168.1.252,Intel Core 2 Extreme QX9775,3.2,4,8,74.0,8,99.0,256,46.0,Testing,Linux,Red Hat Enterprise Linux,255.255 255.0,Virtual
8,192.168.1.296,Intel Core i7-4770K,3.5,4,8,58.0,12,8.0,2024,66778.0,Testing,Linux,CentOS,255.255 255.0,Virtual
9,192.168.1.300,Intel Core i7-4770K,3.5,4,8,68.0,12,6.0,512,88.0,Testing,Linux,Fedora,255.255 255.0,Virtual
10,192.168.1.304,Intel Core i7-4770K,3.5,4,8,3.0,12,23.0,128,344.0,Testing,Linux,Red Hat Enterprise Linux,255.255 255.0,Physical
11,192.168.1.312,Intel Core i7-4770K,3.5,4,8,42.0,12,82.0,1024,4556.0,Testing,Linux,Fedora,255.255 255.0,Virtual
12,192.168.1.652,Intel Core 2 Extreme QX9775,3.2,4,8,1.0,8,70.0,128,347.0,Testing,Linux,Red Hat Enterprise Linux,255.255 255.0,Physical
13,192.168.1.656,Intel Core 2 Extreme QX9775,3.2,4,8,64.0,8,1.0,2024,33666.0,Testing,Linux,Debian,255.255 255.0,Physical
14,192.168.1.668,Intel Core 2 Extreme QX9775,3.2,4,8,67.0,8,68.0,1024,180.0,Testing,Linux,Fedora,255.255 255.0,Physical
15,192.168.1.712,Intel Core i7-4770K,3.5,4,8,4.0,12,58.0,128,2323.0,Testing,Linux,Red Hat Enterprise Linux,255.255 255.0,Physical
16,192.168.1.724,Intel Core i7-4770K,3.5,4,8,87.0,12,86.0,512,233.0,Testing,Linux,Debian,255.255 255.0,Physical
17,192.168.1.940,Intel Core 2 Extreme QX9775,3.2,4,8,42.0,8,81.0,128,4689.0,Testing,Linux,Fedora,255.255 255.0,Physical
18,192.168.1.1004,Intel Core i7-4770K,3.5,4,8,8.0,12,52.0,2024,658.0,Dev / Staging,Linux,Debian,255.255 255.0,Virtual
19,192.168.1.1008,Intel Core i7-4770K,3.5,4,8,82.0,12,23.0,2024,233.0,Dev / Staging,Linux,Fedora,255.255 255.0,Virtual
20,192.168.0.4,Intel Xeon E5-1650 V4,3.6,6,12,5.0,16,24.0,256,4689.0,Dev / Staging,Linux,CentOS,255.255 255.0,Physical
21,192.168.0.6,Intel Xeon E5-1650 V4,3.6,6,12,91.0,16,42.0,1024,347.0,Dev / Staging,Linux,CentOS,255.255 255.0,Physical
22,192.168.0.32,Intel Xeon E5-1650 V3,3.5,6,12,92.0,16,96.0,1024,340.0,Dev / Staging,Linux,Red Hat Enterprise Linux,255.255 255.0,Virtual
23,192.168.0.36,Intel Xeon E5-1650 V3,3.5,6,12,65.0,16,12.0,256,180.0,Dev / Staging,Linux,SUSE,255.255 255.0,Physical
24,192.168.0.42,Intel Xeon E5-1650 V3,3.5,6,12,65.0,16,89.0,128,347.0,Dev / Staging,Linux,Debian,255.255 255.0,Virtual
25,192.168.0.44,Intel Xeon E5-1650 V3,3.5,6,12,68.0,16,32.0,1024,4689.0,Dev / Staging,Linux,SUSE,255.255 255.0,Virtual
26,192.168.0.54,Intel Core i7-5930K,3.5,6,12,35.0,16,22.0,1024,347.0,Dev / Staging,Linux,Red Hat Enterprise Linux,255.255 255.0,Virtual
27,192.168.0.60,Intel Core i7-5930K,3.5,6,12,55.0,16,27.0,2024,367.0,Dev / Staging,Linux,Red Hat Enterprise Linux,255.255 255.0,Virtual
28,192.168.0.66,Intel Core i7-5930K,3.5,6,12,45.0,16,36.0,128,367.0,Dev / Staging,Linux,Debian,255.255 255.0,Virtual
29,192.168.0.204,Intel Xeon E5-2643 V4 (OEM/Tray),3.4,6,12,5.0,16,73.0,2024,88.0,Dev / Staging,Linux,SUSE,255.255 255.0,Virtual
30,192.168.0.208,Intel Xeon E5-2643 V4 (OEM/Tray),3.4,6,12,74.0,16,36.0,4048,4577.0,Dev / Staging,Linux,Red Hat Enterprise Linux,255.255 255.0,Virtual
31,192.168.0.214,Intel Xeon E5-2643 V4 (OEM/Tray),3.4,6,12,43.0,16,53.0,256,347.0,Dev / Staging,Linux,SUSE,255.255 255.0,Virtual
32,192.168.0.336,Intel Core i7-3960X Extreme Edition,3.3,6,12,38.0,16,22.0,512,344.0,Dev / Staging,Linux,Debian,255.255 255.0,Physical
33,192.168.0.380,Intel Core i7-980,3.33,6,12,4.0,16,59.0,512,180.0,Dev / Staging,Linux,Red Hat Enterprise Linux,255.255 255.0,Physical
34,192.168.0.382,Intel Core i7-980,3.33,6,12,81.0,16,39.0,2024,658.0,Dev / Staging,Linux,SUSE,255.255 255.0,Virtual
35,192.168.0.396,Intel Core i7-3930K,3.2,6,12,54.0,16,84.0,128,658.0,Dev / Staging,Linux,CentOS,255.255 255.0,Virtual
36,192.168.0.402,Intel Core i7-3930K,3.2,6,12,200.0,16,65.0,4048,66778.0,Dev / Staging,Linux,SUSE,255.255 255.0,Physical
37,192.168.1.44,Intel Xeon E5-1650 V4,3.6,6,12,65.0,16,34.0,256,906.0,Dev / Staging,Linux,Red Hat Enterprise Linux,255.255 255.0,Virtual
38,192.168.1.64,Intel Xeon E5-1650 V4 (OEM/Tray),3.6,6,12,17.0,16,95.0,512,344.0,Dev / Staging,Linux,CentOS,255.255 255.0,Physical
39,192.168.1.104,Intel Xeon E5-1650 V3,3.5,6,12,18.0,16,21.0,1024,33.0,Dev / Staging,Linux,CentOS,255.255 255.0,Physical
40,192.168.1.108,Intel Xeon E5-1650 V3,3.5,6,12,55.0,16,96.0,2024,66778.0,Dev / Staging,Linux,Debian,255.255 255.0,Virtual
41,192.168.1.116,Intel Xeon E5-1650 V3,3.5,6,12,52.0,16,53.0,4048,906.0,Dev / Staging,Linux,SUSE,255.255 255.0,Virtual
42,192.168.1.124,Intel Xeon E5-1650 V3,3.5,6,12,6.0,16,42.0,2024,33666.0,Dev / Staging,Linux,SUSE,255.255 255.0,Virtual
43,192.168.1.140,Intel Core i7-5930K,3.5,6,12,5.0,16,9.0,1024,46.0,Dev / Staging,Linux,Debian,255.255 255.0,Virtual
44,192.168.1.152,Intel Core i7-5930K,3.5,6,12,15.0,16,85.0,1024,233.0,Dev / Staging,Linux,SUSE,255.255 255.0,Virtual
45,192.168.1.164,Intel Core i7-5930K,3.5,6,12,10.0,16,29.0,1024,4577.0,Dev / Staging,Linux,SUSE,255.255 255.0,Physical
46,192.168.1.168,Intel Core i7-5930K,3.5,6,12,9.0,16,51.0,256,46.0,Dev / Staging,Linux,SUSE,255.255 255.0,Physical
47,192.168.1.284,Intel Core i7-3960X Extreme Edition,3.3,6,12,58.0,16,54.0,256,906.0,Dev / Staging,Linux,Red Hat Enterprise Linux,255.255 255.0,Physical
48,192.168.1.360,Intel Core i7-980,3.33,6,12,65.0,16,98.0,256,434.0,Dev / Staging,Linux,SUSE,255.255 255.0,Virtual
49,192.168.1.372,Intel Core i7-980,3.33,6,12,50.0,16,37.0,512,888.0,Dev / Staging,Linux,Debian,255.255 255.0,Virtual
50,192.168.1.396,Intel Core i7-3930K,3.2,6,12,33.0,16,79.0,512,4577.0,Dev / Staging,Linux,CentOS,255.255 255.0,Physical
51,192.168.1.408,Intel Core i7-3930K,3.2,6,12,56.0,16,39.0,1024,233.0,Dev / Staging,Linux,SUSE,255.255 255.0,Virtual
52,192.168.1.692,Intel Core i7-3960X Extreme Edition,3.3,6,12,97.0,16,85.0,4048,46.0,Dev / Staging,Linux,SUSE,255.255 255.0,Physical
53,192.168.1.700,Intel Core i7-3960X Extreme Edition,3.3,6,12,68.0,16,45.0,128,233.0,Dev / Staging,Linux,Fedora,255.255 255.0,Virtual
54,192.168.1.704,Intel Core i7-3960X Extreme Edition,3.3,6,12,68.0,16,22.0,4048,4577.0,Dev / Staging,Linux,SUSE,255.255 255.0,Virtual
55,192.168.1.708,Intel Core i7-3960X Extreme Edition,3.3,6,12,10.0,16,39.0,512,2323.0,Dev / Staging,Linux,CentOS,255.255 255.0,Virtual
56,192.168.1.972,Intel Core i7-3960X Extreme Edition,3.3,6,12,17.0,16,51.0,128,33.0,Dev / Staging,Linux,Debian,255.255 255.0,Virtual
57,192.168.1.976,Intel Core i7-3960X Extreme Edition,3.3,6,12,82.0,16,6.0,128,66778.0,Dev / Staging,Linux,Fedora,255.255 255.0,Virtual
58,192.168.1.988,Intel Core i7-3960X Extreme Edition,3.3,6,12,57.0,16,90.0,4048,367.0,Dev / Staging,Linux,Fedora,255.255 255.0,Virtual
59,192.168.1.1052,Intel Core i7-980,3.33,6,12,73.0,16,46.0,1024,344.0,Dev / Staging,Linux,Red Hat Enterprise Linux,255.255 255.0,Physical
60,192.168.0.192,Intel Xeon E5-1680 V3 (OEM/Tray),3.2,8,16,94.0,8,38.0,1024,347.0,Dev / Staging,Linux,CentOS,255.255 255.0,Physical
61,192.168.0.200,Intel Xeon E5-1680 V3 (OEM/Tray),3.2,8,16,56.0,8,61.0,512,434.0,Dev / Staging,Linux,Red Hat Enterprise Linux,255.255 255.0,Virtual
62,192.168.0.202,Intel Xeon E5-1680 V3 (OEM/Tray),3.2,8,16,96.0,8,15.0,256,888.0,Dev / Staging,Linux,CentOS,255.255 255.0,Physical
63,192.168.0.256,Intel Xeon E5-2650,2.0,8,16,65.0,12,52.0,1024,4689.0,Dev / Staging,Linux,Red Hat Enterprise Linux,255.255 255.0,Physical
64,192.168.0.262,Intel Xeon E5-2650,2.0,8,16,81.0,12,40.0,4048,2323.0,Dev / Staging,Linux,CentOS,255.255 255.0,Physical
65,192.168.0.264,Intel Xeon E5-2650,2.0,8,16,90.0,12,67.0,2024,33.0,Dev / Staging,Linux,Red Hat Enterprise Linux,255.255 255.0,Physical
66,192.168.0.278,Intel Xeon E5-1660 V3 (OEM/Tray),3.0,8,16,84.0,12,71.0,128,434.0,Dev / Staging,Linux,Fedora,255.255 255.0,Virtual
67,192.168.0.290,Intel Core i7-5960X,3.0,8,16,13.0,12,884.0,2024,46.0,Dev / Staging,Linux,Fedora,255.255 255.0,Virtual
68,192.168.0.306,Intel Xeon E5-2640 V3,2.6,8,16,92.0,8,68.0,512,434.0,Dev / Staging,Linux,Debian,255.255 255.0,Virtual
69,192.168.0.308,Intel Xeon E5-2640 V3,2.6,8,16,31.0,8,74.0,128,233.0,Dev / Staging,Linux,CentOS,255.255 255.0,Physical
70,192.168.0.310,Intel Xeon E5-2640 V3,2.6,8,16,2.0,8,97.0,2024,906.0,Dev / Staging,Linux,Fedora,255.255 255.0,Virtual
71,192.168.0.358,Intel Xeon E5-2687W,3.1,8,16,4.0,8,58.0,4048,33666.0,Dev / Staging,Linux,CentOS,255.255 255.0,Virtual
72,192.168.0.392,Intel Core i7-7820X,3.6,8,16,35.0,12,92.0,4048,434.0,Dev / Staging,Linux,CentOS,255.255 255.0,Virtual
73,192.168.0.416,Intel Xeon E5-2630 V3,2.4,8,16,96.0,8,22.0,128,4556.0,Dev / Staging,Linux,Red Hat Enterprise Linux,255.255 255.0,Physical
74,192.168.0.420,Intel Xeon E5-2630 V3,2.4,8,16,6.0,8,15.0,256,233.0,Dev / Staging,Linux,SUSE,255.255 255.0,Physical
75,192.168.0.422,Intel Xeon E5-2630 V3,2.4,8,16,45.0,8,2.0,1024,233.0,Dev / Staging,Linux,Fedora,255.255 255.0,Virtual
76,192.168.0.424,Intel Xeon E5-2630 V3,2.4,8,16,87.0,8,17.0,128,347.0,Dev / Staging,Linux,Fedora,255.255 255.0,Virtual
77,192.168.0.438,Intel Xeon E5-2640 V2,2.0,8,16,33.0,12,13.0,4048,347.0,Dev / Staging,Linux,SUSE,255.255 255.0,Virtual
78,192.168.0.440,Intel Xeon E5-2640 V2,2.0,8,16,54.0,12,94.0,512,367.0,Dev / Staging,Linux,Debian,255.255 255.0,Virtual
79,192.168.0.444,Intel Xeon E5-2640 V2,2.0,8,16,91.0,12,34.0,2024,180.0,Dev / Staging,Linux,Fedora,255.255 255.0,Virtual
80,192.168.1.84,Intel Xeon E5-2630 V3 (OEM/Tray),2.4,8,16,75.0,8,38.0,512,233.0,Dev / Staging,Linux,Fedora,255.255 255.0,Virtual
81,192.168.1.96,Intel Xeon E5-2630 V3 (OEM/Tray),2.4,8,16,59.0,8,51.0,4048,180.0,Dev / Staging,Linux,SUSE,255.255 255.0,Virtual
82,192.168.1.100,Intel Xeon E5-2630 V3 (OEM/Tray),2.4,8,16,32.0,8,64.0,2024,658.0,Dev / Staging,Linux,CentOS,255.255 255.0,Physical
83,192.168.1.224,Intel Xeon E5-2640 V3,2.6,8,16,38.0,8,88.0,256,33666.0,Dev / Staging,Linux,Red Hat Enterprise Linux,255.255 255.0,Virtual
84,192.168.1.232,Intel Xeon E5-2640 V3,2.6,8,16,15.0,8,9.0,2024,434.0,Dev / Staging,Linux,CentOS,255.255 255.0,Physical
85,192.168.1.316,Intel Xeon E5-2687W,3.1,8,16,68.0,8,87.0,4048,66778.0,Dev / Staging,Linux,Red Hat Enterprise Linux,255.255 255.0,Virtual
86,192.168.1.320,Intel Xeon E5-2687W,3.1,8,16,97.0,8,28.0,2024,4577.0,Dev / Staging,Linux,CentOS,255.255 255.0,Physical
87,192.168.1.332,Intel Xeon E5-2687W,3.1,8,16,5.0,8,87.0,256,4689.0,Dev / Staging,Linux,Fedora,255.255 255.0,Virtual
88,192.168.1.376,Intel Core i7-7820X,3.6,8,16,56.0,12,77.0,2024,347.0,Dev / Staging,Linux,SUSE,255.255 255.0,Physical
89,192.168.1.380,Intel Core i7-7820X,3.6,8,16,71.0,12,29.0,256,2323.0,Dev / Staging,Linux,Debian,255.255 255.0,Virtual
90,192.168.1.388,Intel Core i7-7820X,3.6,8,16,44.0,12,52.0,2024,906.0,Dev / Staging,Linux,CentOS,255.255 255.0,Physical
91,192.168.1.444,Intel Xeon E5-2630 V3,2.4,8,16,57.0,8,82.0,256,2323.0,Dev / Staging,Linux,Fedora,255.255 255.0,Physical
92,192.168.1.544,Intel Xeon E5-2650,2.0,8,16,24.0,12,26.0,256,340.0,Dev / Staging,Linux,CentOS,255.255 255.0,Virtual
93,192.168.1.576,Intel Xeon E5-1660 V3 (OEM/Tray),3.0,8,16,20.0,12,47.0,128,340.0,Dev / Staging,Linux,Red Hat Enterprise Linux,255.255 255.0,Virtual
94,192.168.1.580,Intel Xeon E5-1660 V3 (OEM/Tray),3.0,8,16,16.0,12,41.0,512,2323.0,Dev / Staging,Linux,Red Hat Enterprise Linux,255.255 255.0,Virtual
95,192.168.1.584,Intel Xeon E5-1660 V3 (OEM/Tray),3.0,8,16,74.0,12,90.0,1024,2323.0,Dev / Staging,Linux,Debian,255.255 255.0,Physical
96,192.168.1.588,Intel Xeon E5-1660 V3 (OEM/Tray),3.0,8,16,33.0,12,54.0,4048,33666.0,Dev / Staging,Linux,CentOS,255.255 255.0,Physical
97,192.168.1.592,Intel Core i7-5960X,3.0,8,16,70.0,12,52.0,4048,180.0,Dev / Staging,Linux,Fedora,255.255 255.0,Physical
98,192.168.1.596,Intel Core i7-5960X,3.0,8,16,52.0,12,51.0,512,434.0,Dev / Staging,Linux,CentOS,255.255 255.0,Virtual
99,192.168.1.636,Intel Xeon E5-2640 V3,2.6,8,16,35.0,8,82.0,4048,367.0,Dev / Staging,Linux,SUSE,255.255 255.0,Virtual
100,192.168.1.644,Intel Xeon E5-2640 V3,2.6,8,16,4.0,8,31.0,4048,367.0,Dev / Staging,Linux,Debian,255.255 255.0,Virtual
101,192.168.1.744,Intel Xeon E5-2687W,3.1,8,16,78.0,8,44.0,4048,33666.0,Dev / Staging,Linux,Fedora,255.255 255.0,Physical
102,192.168.1.748,Intel Xeon E5-2687W,3.1,8,16,10.0,8,4.0,1024,2323.0,Dev / Staging,Linux,CentOS,255.255 255.0,Physical
103,192.168.1.816,Intel Xeon E5-2650,2.0,8,16,38.0,12,14.0,256,4577.0,Dev / Staging,Linux,Fedora,255.255 255.0,Physical
104,192.168.1.824,Intel Xeon E5-2650,2.0,8,16,52.0,12,51.0,2024,658.0,Dev / Staging,Linux,SUSE,255.255 255.0,Virtual
105,192.168.1.828,Intel Xeon E5-2650,2.0,8,16,53.0,12,60.0,1024,4689.0,Dev / Staging,Linux,CentOS,255.255 255.0,Physical
106,192.168.1.852,Intel Xeon E5-1660 V3 (OEM/Tray),3.0,8,16,7.0,12,33.0,256,658.0,Dev / Staging,Linux,Red Hat Enterprise Linux,255.255 255.0,Virtual
107,192.168.1.856,Intel Xeon E5-1660 V3 (OEM/Tray),3.0,8,16,73.0,12,96.0,1024,888.0,Dev / Staging,Linux,Debian,255.255 255.0,Physical
108,192.168.1.864,Intel Xeon E5-1660 V3 (OEM/Tray),3.0,8,16,76.0,12,37.0,4048,347.0,Dev / Staging,Linux,Red Hat Enterprise Linux,255.255 255.0,Virtual
109,192.168.1.872,Intel Core i7-5960X,3.0,8,16,25.0,12,31.0,512,33.0,Dev / Staging,Linux,CentOS,255.255 255.0,Physical
110,192.168.1.876,Intel Core i7-5960X,3.0,8,16,47.0,12,76.0,4048,340.0,Dev / Staging,Linux,Fedora,255.255 255.0,Virtual
111,192.168.1.928,Intel Xeon E5-2640 V3,2.6,8,16,83.0,8,79.0,128,658.0,Dev / Staging,Linux,Red Hat Enterprise Linux,255.255 255.0,Physical
112,192.168.1.1028,Intel Xeon E5-2687W,3.1,8,16,88.0,8,27.0,1024,4577.0,Dev / Staging,Linux,CentOS,255.255 255.0,Physical
113,192.168.1.1092,Intel Xeon E5-2650,2.0,8,16,63.0,12,84.0,128,367.0,Dev / Staging,Linux,Fedora,255.255 255.0,Virtual
114,192.168.1.1096,Intel Xeon E5-2650,2.0,8,16,27.0,12,16.0,1024,344.0,Dev / Staging,Linux,Debian,255.255 255.0,Physical
115,192.168.1.1100,Intel Xeon E5-2650,2.0,8,16,93.0,12,72.0,512,434.0,Dev / Staging,Linux,Red Hat Enterprise Linux,255.255 255.0,Physical
116,192.168.1.1108,Intel Xeon E5-2650,2.0,8,16,90.0,12,1.0,1024,33666.0,Dev / Staging,Linux,Debian,255.255 255.0,Virtual
117,192.168.1.1132,Intel Xeon E5-1660 V3 (OEM/Tray),3.0,8,16,60.0,12,90.0,1024,340.0,Dev / Staging,Linux,Red Hat Enterprise Linux,255.255 255.0,Virtual
118,192.168.1.1136,Intel Xeon E5-1660 V3 (OEM/Tray),3.0,8,16,117.0,12,53.0,256,4556.0,Dev / Staging,Linux,SUSE,255.255 255.0,Physical
119,192.168.1.1140,Intel Xeon E5-1660 V3 (OEM/Tray),3.0,8,16,79.0,12,76.0,2024,88.0,Dev / Staging,Linux,Fedora,255.255 255.0,Virtual
120,192.168.0.120,Intel Xeon E5-2687W V3,3.1,10,18,97.0,16,49.0,1024,2323.0,Staging,Linux,SUSE,255.255 255.0,Virtual
121,192.168.0.122,Intel Xeon E5-2687W V3,3.1,10,18,7.0,16,99.0,1024,4689.0,Staging,Linux,CentOS,255.255 255.0,Physical
122,192.168.0.124,Intel Xeon E5-2687W V3,3.1,10,18,1.0,16,3.0,512,33666.0,Staging,Linux,Fedora,255.255 255.0,Virtual
123,192.168.0.128,Intel Xeon E5-2687W V3,3.1,10,18,54.0,16,93.0,4048,347.0,Staging,Linux,Debian,255.255 255.0,Physical
124,192.168.0.130,Intel Xeon E5-2687W V3,3.1,10,18,98.0,16,33.0,2024,4689.0,Staging,Linux,Fedora,255.255 255.0,Virtual
125,192.168.0.216,Intel Core i7-6950X (OEM/Tray),3.0,10,18,50.0,16,16.0,1024,2323.0,Staging,Linux,Debian,255.255 255.0,Virtual
126,192.168.0.220,Intel Core i7-6950X (OEM/Tray),3.0,10,18,79.0,16,63.0,128,344.0,Staging,Linux,Debian,255.255 255.0,Physical
127,192.168.0.222,Intel Core i7-6950X (OEM/Tray),3.0,10,18,53.0,16,43.0,1024,888.0,Staging,Linux,Red Hat Enterprise Linux,255.255 255.0,Physical
128,192.168.0.224,Intel Core i7-6950X (OEM/Tray),3.0,10,18,52.0,16,11.0,512,906.0,Staging,Linux,Red Hat Enterprise Linux,255.255 255.0,Physical
129,192.168.0.266,Intel Core i9-7900X,3.3,10,18,52.0,16,87.0,512,33666.0,Staging,Linux,Red Hat Enterprise Linux,255.255 255.0,Virtual
130,192.168.0.272,Intel Core i9-7900X,3.3,10,18,52.0,16,26.0,2024,344.0,Staging,Linux,CentOS,255.255 255.0,Virtual
131,192.168.0.274,Intel Core i9-7900X,3.3,10,18,18.0,16,31.0,2024,658.0,Staging,Linux,Debian,255.255 255.0,Virtual
132,192.168.0.300,Intel Xeon E5-2640 V4,2.4,10,18,34.0,16,28.0,1024,4689.0,Staging,Linux,Debian,255.255 255.0,Virtual
133,192.168.0.302,Intel Xeon E5-2640 V4,2.4,10,18,99.0,16,45.0,256,233.0,Staging,Linux,Debian,255.255 255.0,Physical
134,192.168.0.304,Intel Xeon E5-2640 V4,2.4,10,18,67.0,16,71.0,2024,233.0,Staging,Linux,CentOS,255.255 255.0,Physical
135,192.168.0.372,Intel Xeon E5-2680 V2,2.8,10,18,19.0,16,57.0,1024,4556.0,Staging,Linux,Fedora,255.255 255.0,Physical
136,192.168.0.374,Intel Xeon E5-2680 V2,2.8,10,18,58.0,16,46.0,2024,4556.0,Staging,Linux,Debian,255.255 255.0,Physical
137,192.168.0.406,Intel Xeon E5-2630 V4,2.2,10,18,45.0,16,62.0,256,658.0,Staging,Linux,Red Hat Enterprise Linux,255.255 255.0,Virtual
138,192.168.0.410,Intel Xeon E5-2630 V4,2.2,10,18,70.0,16,57.0,1024,2323.0,Staging,Linux,SUSE,255.255 255.0,Virtual
139,192.168.0.414,Intel Xeon E5-2630 V4,2.2,10,18,43.0,16,94.0,128,347.0,Staging,Linux,CentOS,255.255 255.0,Physical
140,192.168.1.344,Intel Xeon E5-2680 V2,2.8,10,18,52.0,16,74.0,256,344.0,Dev / Staging,Linux,Red Hat Enterprise Linux,255.255 255.0,Virtual
141,192.168.1.416,Intel Xeon E5-2630 V4,2.2,10,18,1.0,16,72.0,1024,906.0,Dev / Staging,Linux,SUSE,255.255 255.0,Virtual
142,192.168.1.424,Intel Xeon E5-2630 V4,2.2,10,18,40.0,16,7.0,1024,33.0,Dev / Staging,Linux,CentOS,255.255 255.0,Physical
143,192.168.1.432,Intel Xeon E5-2630 V4,2.2,10,18,77.0,16,58.0,128,888.0,Dev / Staging,Linux,Debian,255.255 255.0,Virtual
144,192.168.1.552,Intel Core i9-7900X,3.3,10,18,62.0,16,18.0,256,344.0,Dev / Staging,Linux,Red Hat Enterprise Linux,255.255 255.0,Virtual
145,192.168.1.556,Intel Core i9-7900X,3.3,10,18,17.0,16,81.0,128,340.0,Dev / Staging,Linux,Fedora,255.255 255.0,Physical
146,192.168.1.560,Intel Core i9-7900X,3.3,10,18,54.0,16,19.0,4048,46.0,Dev / Staging,Linux,Debian,255.255 255.0,Physical
147,192.168.1.568,Intel Core i9-7900X,3.3,10,18,95.0,16,41.0,128,46.0,Dev / Staging,Linux,Red Hat Enterprise Linux,255.255 255.0,Virtual
148,192.168.1.616,Intel Xeon E5-2640 V4,2.4,10,18,20.0,16,84.0,1024,347.0,Dev / Staging,Linux,Debian,255.255 255.0,Physical
149,192.168.1.620,Intel Xeon E5-2640 V4,2.4,10,18,52.0,16,43.0,1024,344.0,Dev / Staging,Linux,Fedora,255.255 255.0,Physical
150,192.168.1.624,Intel Xeon E5-2640 V4,2.4,10,18,30.0,16,72.0,1024,4577.0,Dev / Staging,Linux,CentOS,255.255 255.0,Virtual
151,192.168.1.756,Intel Xeon E5-2680 V2,2.8,10,18,52.0,16,48.0,128,66778.0,Dev / Staging,Linux,SUSE,255.255 255.0,Physical
152,192.168.1.764,Intel Xeon E5-2680 V2,2.8,10,18,28.0,16,2.0,2024,4556.0,Dev / Staging,Linux,SUSE,255.255 255.0,Physical
153,192.168.1.836,Intel Core i9-7900X,3.3,10,18,96.0,16,91.0,1024,233.0,Dev / Staging,Linux,Red Hat Enterprise Linux,255.255 255.0,Virtual
154,192.168.1.844,Intel Core i9-7900X,3.3,10,18,32.0,16,87.0,256,4556.0,Dev / Staging,Linux,Fedora,255.255 255.0,Physical
155,192.168.1.900,Intel Xeon E5-2640 V4,2.4,10,18,96.0,16,50.0,256,4689.0,Dev / Staging,Linux,Fedora,255.255 255.0,Virtual
156,192.168.1.908,Intel Xeon E5-2640 V4,2.4,10,18,88.0,16,49.0,2024,340.0,Dev / Staging,Linux,Fedora,255.255 255.0,Physical
157,192.168.1.1040,Intel Xeon E5-2680 V2,2.8,10,18,36.0,16,86.0,512,340.0,Dev / Staging,Linux,Red Hat Enterprise Linux,255.255 255.0,Physical
158,192.168.1.1044,Intel Xeon E5-2680 V2,2.8,10,18,82.0,16,64.0,1024,347.0,Dev / Staging,Linux,Debian,255.255 255.0,Physical
159,192.168.1.1048,Intel Xeon E5-2680 V2,2.8,10,18,25.0,16,51.0,128,88.0,Dev / Staging,Linux,CentOS,255.255 255.0,Virtual
160,192.168.1.1112,Intel Core i9-7900X,3.3,10,18,58.0,16,31.0,1024,66778.0,Dev / Staging,Linux,Debian,255.255 255.0,Virtual
161,192.168.1.1124,Intel Core i9-7900X,3.3,10,18,12.0,16,66.0,256,4556.0,Dev / Staging,Linux,SUSE,255.255 255.0,Physical
162,192.168.0.100,Intel Xeon E5-2697 V2,2.7,12,20,48.0,16,18.0,1024,367.0,Dev / Staging,Linux,Red Hat Enterprise Linux,255.255 255.0,Physical
163,192.168.0.102,Intel Xeon E5-2697 V2,2.7,12,20,89.0,16,33.0,4048,4556.0,Dev / Staging,Linux,Red Hat Enterprise Linux,255.255 255.0,Virtual
164,192.168.0.106,Intel Xeon E5-2697 V2,2.7,12,20,58.0,16,14.0,4048,347.0,Dev / Staging,Linux,CentOS,255.255 255.0,Physical
165,192.168.0.114,Intel Xeon E5-2695 V2,2.4,12,20,47.0,16,62.0,512,888.0,Dev / Staging,Linux,Fedora,255.255 255.0,Physical
166,192.168.0.116,Intel Xeon E5-2695 V2,2.4,12,20,53.0,16,6.0,1024,344.0,Dev / Staging,Linux,SUSE,255.255 255.0,Virtual
167,192.168.0.118,Intel Xeon E5-2695 V2,2.4,12,20,101.0,16,5.0,256,180.0,Dev / Staging,Linux,Fedora,255.255 255.0,Virtual
168,192.168.0.132,Intel Xeon E5-2687W V4,3.0,12,20,68.0,16,87.0,1024,434.0,Dev / Staging,Linux,Fedora,255.255 255.0,Physical
169,192.168.0.136,Intel Xeon E5-2687W V4,3.0,12,20,98.0,16,7.0,512,2323.0,Dev / Staging,Linux,CentOS,255.255 255.0,Virtual
170,192.168.0.142,Intel Xeon E5-2687W V4,3.0,12,20,10.0,16,35.0,256,347.0,Dev / Staging,Linux,CentOS,255.255 255.0,Physical
171,192.168.0.160,Intel Xeon E5-2690 V3,2.6,12,20,50.0,16,30.0,512,2323.0,Dev / Staging,Linux,CentOS,255.255 255.0,Physical
172,192.168.0.164,Intel Xeon E5-2690 V3,2.6,12,20,66.0,16,46.0,4048,2323.0,Dev / Staging,Linux,Debian,255.255 255.0,Virtual
173,192.168.0.236,Intel Xeon E5-2680 V3 (OEM/Tray),2.5,12,20,25.0,16,85.0,1024,88.0,Dev / Staging,Linux,SUSE,255.255 255.0,Physical
174,192.168.0.242,Intel Xeon E5-2680 V3 (OEM/Tray),2.5,12,20,81.0,16,71.0,2024,347.0,Dev / Staging,Linux,Debian,255.255 255.0,Physical
175,192.168.1.500,Intel Xeon E5-2680 V3 (OEM/Tray),2.5,12,20,30.0,16,81.0,256,4689.0,Dev / Staging,Linux,CentOS,255.255 255.0,Virtual
176,192.168.1.508,Intel Xeon E5-2680 V3 (OEM/Tray),2.5,12,20,86.0,16,10.0,512,4689.0,Dev / Staging,Linux,Fedora,255.255 255.0,Physical
177,192.168.1.776,Intel Xeon E5-2680 V3 (OEM/Tray),2.5,12,20,90.0,16,8.0,1024,46.0,Dev / Staging,Linux,CentOS,255.255 255.0,Virtual
178,192.168.1.780,Intel Xeon E5-2680 V3 (OEM/Tray),2.5,12,20,62.0,16,27.0,4048,347.0,Dev / Staging,Linux,Debian,255.255 255.0,Physical
179,192.168.1.788,Intel Xeon E5-2680 V3 (OEM/Tray),2.5,12,20,64.0,16,8.0,1024,33.0,Dev / Staging,Linux,Fedora,255.255 255.0,Virtual
180,192.168.1.1056,Intel Xeon E5-2680 V3 (OEM/Tray),2.5,12,20,6.0,16,67.0,256,434.0,Dev / Staging,Linux,SUSE,255.255 255.0,Physical
181,192.168.1.1064,Intel Xeon E5-2680 V3 (OEM/Tray),2.5,12,20,54.0,16,65.0,2024,347.0,Dev / Staging,Linux,Fedora,255.255 255.0,Physical
182,192.168.0.84,Intel Xeon E5-2695 V3 (OEM/Tray),2.3,14,24,67.0,48,62.0,256,347.0,Dev,Linux,Fedora,255.255 255.0,Physical
183,192.168.0.148,Intel Xeon E5-2690 V4,2.6,14,24,12.0,48,41.0,2024,88.0,Dev,Linux,CentOS,255.255 255.0,Physical
184,192.168.0.152,Intel Xeon E5-2690 V4,2.6,14,24,24.0,48,95.0,2024,888.0,Dev,Linux,Fedora,255.255 255.0,Physical
185,192.168.0.228,Intel Xeon E5-2680 V4,2.4,14,24,62.0,64,73.0,2024,4689.0,Dev / Staging,Linux,SUSE,255.255 255.0,Physical
186,192.168.0.234,Intel Xeon E5-2680 V4,2.4,14,24,82.0,48,65.0,4048,888.0,Dev,Linux,Fedora,255.255 255.0,Virtual
187,192.168.0.248,Intel Xeon E5-2660 V4,2.0,14,24,23.0,48,48.0,2024,340.0,Dev,Linux,Debian,255.255 255.0,Physical
188,192.168.0.254,Intel Xeon E5-2660 V4,2.0,14,24,76.0,48,84.0,1024,4577.0,Dev,Linux,CentOS,255.255 255.0,Virtual
189,192.168.1.212,Intel Xeon E5-2695 V3 (OEM/Tray),2.3,14,24,45.0,64,25.0,4048,180.0,Dev / Staging,Linux,SUSE,255.255 255.0,Physical
190,192.168.1.216,Intel Xeon E5-2695 V3 (OEM/Tray),2.3,14,24,94.0,64,29.0,1024,344.0,Dev / Staging,Linux,Debian,255.255 255.0,Physical
191,192.168.1.512,Intel Xeon E5-2660 V4,2.0,14,24,97.0,64,17.0,128,33.0,Dev / Staging,Linux,SUSE,255.255 255.0,Physical
192,192.168.1.524,Intel Xeon E5-2660 V4,2.0,14,24,65.0,64,47.0,512,180.0,Dev / Staging,Linux,Debian,255.255 255.0,Virtual
193,192.168.1.528,Intel Xeon E5-2660 V4,2.0,14,24,8.0,64,46.0,128,66778.0,Dev / Staging,Linux,SUSE,255.255 255.0,Physical
194,192.168.1.800,Intel Xeon E5-2660 V4,2.0,14,24,43.0,64,31.0,1024,906.0,Dev / Staging,Linux,Debian,255.255 255.0,Virtual
195,192.168.1.804,Intel Xeon E5-2660 V4,2.0,14,24,7.0,64,90.0,256,344.0,Dev / Staging,Linux,Debian,255.255 255.0,Virtual
196,192.168.1.1072,Intel Xeon E5-2660 V4,2.0,14,24,35.0,64,65.0,128,4689.0,Dev / Staging,Linux,Debian,255.255 255.0,Virtual
197,192.168.1.1088,Intel Xeon E5-2660 V4,2.0,14,24,18.0,64,44.0,2024,888.0,Dev / Staging,Linux,Debian,255.255 255.0,Virtual
198,192.168.0.170,Intel Xeon E5-2683 V4,2.1,16,32,62.0,48,22.0,512,2323.0,Prod,Linux,CentOS,255.255 255.0,Virtual
199,192.168.0.174,Intel Xeon E5-2683 V4,2.1,16,32,82.0,48,56.0,4048,33666.0,Prod,Linux,Fedora,255.255 255.0,Virtual
200,192.168.0.328,AMD Opteron 6378,2.4,16,32,19.0,48,38.0,256,340.0,Prod,Linux,Debian,255.255 255.0,Physical
201,192.168.1.268,AMD Opteron 6378,2.4,16,32,50.0,48,54.0,2024,233.0,Prod,Linux,Debian,255.255 255.0,Virtual
202,192.168.1.672,AMD Opteron 6378,2.4,16,32,17.0,48,29.0,128,233.0,Prod,Linux,Debian,255.255 255.0,Physical
203,192.168.1.684,AMD Opteron 6378,2.4,16,32,16.0,48,56.0,256,347.0,Prod,Linux,SUSE,255.255 255.0,Virtual
204,192.168.1.688,AMD Opteron 6378,2.4,16,32,45.0,48,27.0,2024,66778.0,Prod,Linux,Fedora,255.255 255.0,Virtual
205,192.168.1.956,AMD Opteron 6378,2.4,16,32,94.0,48,24.0,4048,347.0,Prod,Linux,SUSE,255.255 255.0,Virtual
206,192.168.1.964,AMD Opteron 6378,2.4,16,32,60.0,48,76.0,2024,340.0,Prod,Linux,Fedora,255.255 255.0,Virtual
207,192.168.1.968,AMD Opteron 6378,2.4,16,32,51.0,48,16.0,1024,344.0,Prod,Linux,CentOS,255.255 255.0,Virtual
208,192.168.0.70,Intel Xeon E5-2699 V3 (OEM/Tray),2.3,18,34,54.0,64,27.0,256,347.0,Prod,Linux,Fedora,255.255 255.0,Virtual
209,192.168.0.74,Intel Xeon E5-2697 V4,2.3,18,34,31.0,64,5.0,1024,658.0,Prod,Linux,Debian,255.255 255.0,Physical
210,192.168.0.76,Intel Xeon E5-2697 V4,2.3,18,34,30.0,64,48.0,128,33.0,Prod,Linux,Red Hat Enterprise Linux,255.255 255.0,Virtual
211,192.168.0.80,Intel Xeon E5-2697 V4,2.3,18,34,15.0,48,135.0,4048,4577.0,Prod,Linux,Red Hat Enterprise Linux,255.255 255.0,Virtual
212,192.168.0.82,Intel Xeon E5-2697 V4,2.3,18,34,25.0,48,98.0,4048,2323.0,Prod,Linux,Fedora,255.255 255.0,Physical
213,192.168.1.192,Intel Xeon E5-2697 V4,2.3,18,34,20.0,64,47.0,256,434.0,Prod,Linux,CentOS,255.255 255.0,Physical
214,192.168.1.196,Intel Xeon E5-2697 V4,2.3,18,34,52.0,64,51.0,1024,88.0,Prod,Linux,CentOS,255.255 255.0,Physical
215,192.168.1.200,Intel Xeon E5-2697 V4,2.3,18,34,76.0,64,31.0,128,88.0,Prod,Linux,CentOS,255.255 255.0,Virtual
216,192.168.0.180,Intel Xeon E5-2699 V4 (OEM/Tray),2.2,22,44,32.0,128,10.0,1024,347.0,Prod,Linux,CentOS,255.255 255.0,Physical
217,192.168.0.184,Intel Xeon E5-2699 V4 (OEM/Tray),2.2,22,44,55.0,128,86.0,1024,33.0,Prod,Linux,Fedora,255.255 255.0,Virtual
218,192.168.0.188,Intel Xeon E5-2699 V4 (OEM/Tray),2.2,22,44,6.0,128,23.0,4048,347.0,Prod,Linux,CentOS,255.255 255.0,Virtual
219,192.168.0.318,Intel Core 2 Extreme QX9775,3.2,4,8,3.0,8,49.0,4048,340.0,Testing,Windows,Windows 8,255.255 255.0,Physical
220,192.168.0.346,Intel Core i7-4770K,3.5,4,8,33.0,12,88.0,1024,367.0,Testing,Windows,Windows 8R2,255.255 255.0,Virtual
221,192.168.0.348,Intel Core i7-4770K,3.5,4,8,17.0,12,2.0,4048,180.0,Testing,Windows,Windows 8R2,255.255 255.0,Physical
222,192.168.0.350,Intel Core i7-4770K,3.5,4,8,57.0,12,88.0,1024,344.0,Testing,Windows,Windows 8R2,255.255 255.0,Physical
223,192.168.0.352,Intel Core i7-4770K,3.5,4,8,93.0,12,53.0,2024,367.0,Testing,Windows,Windows 8,255.255 255.0,Virtual
224,192.168.0.354,Intel Core i7-4770K,3.5,4,8,59.0,12,38.0,2024,340.0,Testing,Windows,Windows 22,255.255 255.0,Physical
225,192.168.0.426,Intel Core i7-4790K,4.0,4,8,33.0,12,23.0,256,66778.0,Testing,Windows,Windows 16,255.255 255.0,Physical
226,192.168.0.430,Intel Core i7-4790K,4.0,4,8,27.0,12,65.0,512,88.0,Testing,Windows,Windows 20,255.255 255.0,Virtual
227,192.168.0.432,Intel Core i7-4790K,4.0,4,8,40.0,12,4.0,2024,658.0,Testing,Windows,Windows 20,255.255 255.0,Virtual
228,192.168.0.434,Intel Core i7-4790K,4.0,4,8,37.0,12,76.0,256,46.0,Testing,Windows,Windows 19,255.255 255.0,Physical
229,192.168.1.244,Intel Core 2 Extreme QX9775,3.2,4,8,1.0,8,38.0,1024,347.0,Testing,Windows,Windows 19,255.255 255.0,Virtual
230,192.168.1.248,Intel Core 2 Extreme QX9775,3.2,4,8,33.0,8,46.0,2024,2323.0,Testing,Windows,Windows 16,255.255 255.0,Virtual
231,192.168.1.308,Intel Core i7-4770K,3.5,4,8,94.0,12,67.0,4048,347.0,Testing,Windows,Windows 16,255.255 255.0,Physical
232,192.168.1.456,Intel Core i7-4790K,4.0,4,8,16.0,12,41.0,4048,4577.0,Testing,Windows,Windows 8R2,255.255 255.0,Physical
233,192.168.1.460,Intel Core i7-4790K,4.0,4,8,34.0,12,12.0,1024,658.0,Testing,Windows,Windows 8R2,255.255 255.0,Virtual
234,192.168.1.464,Intel Core i7-4790K,4.0,4,8,79.0,12,98.0,4048,4577.0,Testing,Windows,Windows 22,255.255 255.0,Virtual
235,192.168.1.468,Intel Core i7-4790K,4.0,4,8,47.0,12,3.0,4048,4689.0,Testing,Windows,Windows 12,255.255 255.0,Virtual
236,192.168.1.472,Intel Core i7-4790K,4.0,4,8,36.0,12,16.0,2024,33.0,Testing,Windows,Windows 22,255.255 255.0,Physical
237,192.168.1.660,Intel Core 2 Extreme QX9775,3.2,4,8,46.0,8,76.0,512,33666.0,Testing,Windows,Windows 22,255.255 255.0,Physical
238,192.168.1.664,Intel Core 2 Extreme QX9775,3.2,4,8,61.0,8,86.0,1024,66778.0,Testing,Windows,Windows 19,255.255 255.0,Physical
239,192.168.1.716,Intel Core i7-4770K,3.5,4,8,64.0,12,51.0,1024,180.0,Testing,Windows,Windows 8R2,255.255 255.0,Virtual
240,192.168.1.720,Intel Core i7-4770K,3.5,4,8,91.0,12,90.0,128,347.0,Testing,Windows,Windows 8R2,255.255 255.0,Virtual
241,192.168.1.728,Intel Core i7-4770K,3.5,4,8,59.0,12,17.0,256,340.0,Testing,Windows,Windows 22,255.255 255.0,Physical
242,192.168.1.932,Intel Core 2 Extreme QX9775,3.2,4,8,6.0,8,91.0,2024,33.0,Testing,Windows,Windows 19,255.255 255.0,Virtual
243,192.168.1.936,Intel Core 2 Extreme QX9775,3.2,4,8,40.0,8,21.0,1024,33.0,Testing,Windows,Windows 8R2,255.255 255.0,Virtual
244,192.168.1.944,Intel Core 2 Extreme QX9775,3.2,4,8,10.0,8,17.0,1024,367.0,Dev / Staging,Windows,Windows 12,255.255 255.0,Physical
245,192.168.1.948,Intel Core 2 Extreme QX9775,3.2,4,8,21.0,8,51.0,4048,4689.0,Dev / Staging,Windows,Windows 22,255.255 255.0,Virtual
246,192.168.1.992,Intel Core i7-4770K,3.5,4,8,81.0,12,63.0,128,434.0,Dev / Staging,Windows,Windows 8R2,255.255 255.0,Virtual
247,192.168.1.996,Intel Core i7-4770K,3.5,4,8,12.0,12,68.0,128,4556.0,Dev / Staging,Windows,Windows 19,255.255 255.0,Physical
248,192.168.1.1000,Intel Core i7-4770K,3.5,4,8,29.0,12,9.0,512,4689.0,Dev / Staging,Windows,Windows 8,255.255 255.0,Virtual
249,192.168.0.2,Intel Xeon E5-1650 V4,3.6,6,12,75.0,16,21.0,256,66778.0,Dev / Staging,Windows,Windows 22,255.255 255.0,Virtual
250,192.168.0.8,Intel Xeon E5-1650 V4,3.6,6,12,21.0,16,11.0,2024,888.0,Dev / Staging,Windows,Windows 22,255.255 255.0,Virtual
251,192.168.0.10,Intel Xeon E5-1650 V4,3.6,6,12,87.0,16,67.0,128,2323.0,Dev / Staging,Windows,Windows 16,255.255 255.0,Physical
252,192.168.0.12,Intel Xeon E5-1650 V4 (OEM/Tray),3.6,6,12,92.0,16,86.0,2024,33666.0,Dev / Staging,Windows,Windows 22,255.255 255.0,Virtual
253,192.168.0.14,Intel Xeon E5-1650 V4 (OEM/Tray),3.6,6,12,15.0,16,20.0,1024,233.0,Dev / Staging,Windows,Windows 20,255.255 255.0,Physical
254,192.168.0.16,Intel Xeon E5-1650 V4 (OEM/Tray),3.6,6,12,68.0,16,23.0,256,233.0,Dev / Staging,Windows,Windows 16,255.255 255.0,Virtual
255,192.168.0.18,Intel Xeon E5-1650 V4 (OEM/Tray),3.6,6,12,33.0,16,36.0,256,658.0,Dev / Staging,Windows,Windows 20,255.255 255.0,Physical
256,192.168.0.20,Intel Xeon E5-1650 V4 (OEM/Tray),3.6,6,12,6.0,16,95.0,512,906.0,Dev / Staging,Windows,Windows 12,255.255 255.0,Virtual
257,192.168.0.34,Intel Xeon E5-1650 V3,3.5,6,12,48.0,16,64.0,4048,88.0,Dev / Staging,Windows,Windows 8,255.255 255.0,Physical
258,192.168.0.38,Intel Xeon E5-1650 V3,3.5,6,12,25.0,16,15.0,512,888.0,Dev / Staging,Windows,Windows 8,255.255 255.0,Physical
259,192.168.0.40,Intel Xeon E5-1650 V3,3.5,6,12,83.0,16,69.0,128,4577.0,Dev / Staging,Windows,Windows 20,255.255 255.0,Physical
260,192.168.0.46,Intel Xeon E5-1650 V3,3.5,6,12,79.0,16,63.0,1024,46.0,Dev / Staging,Windows,Windows 20,255.255 255.0,Virtual
261,192.168.0.48,Intel Xeon E5-1650 V3,3.5,6,12,96.0,16,10.0,4048,66778.0,Dev / Staging,Windows,Windows 20,255.255 255.0,Physical
262,192.168.0.50,Intel Core i7-5930K,3.5,6,12,44.0,16,87.0,512,4689.0,Dev / Staging,Windows,Windows 19,255.255 255.0,Virtual
263,192.168.0.52,Intel Core i7-5930K,3.5,6,12,87.0,16,21.0,128,88.0,Dev / Staging,Windows,Windows 12,255.255 255.0,Virtual
264,192.168.0.56,Intel Core i7-5930K,3.5,6,12,77.0,16,40.0,256,344.0,Dev / Staging,Windows,Windows 8,255.255 255.0,Virtual
265,192.168.0.58,Intel Core i7-5930K,3.5,6,12,59.0,16,65.0,4048,434.0,Dev / Staging,Windows,Windows 16,255.255 255.0,Physical
266,192.168.0.62,Intel Core i7-5930K,3.5,6,12,48.0,16,44.0,2024,347.0,Dev / Staging,Windows,Windows 16,255.255 255.0,Virtual
267,192.168.0.64,Intel Core i7-5930K,3.5,6,12,71.0,16,23.0,256,4689.0,Dev / Staging,Windows,Windows 22,255.255 255.0,Virtual
268,192.168.0.206,Intel Xeon E5-2643 V4 (OEM/Tray),3.4,6,12,48.0,16,11.0,128,33666.0,Dev / Staging,Windows,Windows 19,255.255 255.0,Virtual
269,192.168.0.210,Intel Xeon E5-2643 V4 (OEM/Tray),3.4,6,12,52.0,16,34.0,1024,888.0,Dev / Staging,Windows,Windows 16,255.255 255.0,Virtual
270,192.168.0.212,Intel Xeon E5-2643 V4 (OEM/Tray),3.4,6,12,50.0,16,44.0,256,46.0,Dev / Staging,Windows,Windows 16,255.255 255.0,Virtual
271,192.168.0.338,Intel Core i7-3960X Extreme Edition,3.3,6,12,88.0,16,81.0,256,347.0,Dev / Staging,Windows,Windows 8,255.255 255.0,Physical
272,192.168.0.340,Intel Core i7-3960X Extreme Edition,3.3,6,12,49.0,16,94.0,4048,66778.0,Dev / Staging,Windows,Windows 20,255.255 255.0,Physical
273,192.168.0.342,Intel Core i7-3960X Extreme Edition,3.3,6,12,65.0,16,67.0,1024,658.0,Dev / Staging,Windows,Windows 20,255.255 255.0,Virtual
274,192.168.0.344,Intel Core i7-3960X Extreme Edition,3.3,6,12,85.0,16,30.0,2024,4556.0,Dev / Staging,Windows,Windows 12,255.255 255.0,Virtual
275,192.168.0.376,Intel Core i7-980,3.33,6,12,73.0,16,9.0,256,344.0,Dev / Staging,Windows,Windows 19,255.255 255.0,Physical
276,192.168.0.378,Intel Core i7-980,3.33,6,12,73.0,16,96.0,256,4689.0,Dev / Staging,Windows,Windows 8R2,255.255 255.0,Virtual
277,192.168.0.384,Intel Core i7-980,3.33,6,12,55.0,16,26.0,128,888.0,Dev / Staging,Windows,Windows 19,255.255 255.0,Virtual
278,192.168.0.398,Intel Core i7-3930K,3.2,6,12,67.0,16,71.0,512,4577.0,Dev / Staging,Windows,Windows 19,255.255 255.0,Physical
279,192.168.0.400,Intel Core i7-3930K,3.2,6,12,17.0,16,57.0,256,344.0,Dev / Staging,Windows,Windows 19,255.255 255.0,Virtual
280,192.168.0.404,Intel Core i7-3930K,3.2,6,12,38.0,16,49.0,4048,233.0,Dev / Staging,Windows,Windows 8R2,255.255 255.0,Physical
281,192.168.1.48,Intel Xeon E5-1650 V4,3.6,6,12,15.0,16,66.0,256,347.0,Dev / Staging,Windows,Windows 8,255.255 255.0,Physical
282,192.168.1.52,Intel Xeon E5-1650 V4,3.6,6,12,24.0,16,98.0,256,180.0,Dev / Staging,Windows,Windows 20,255.255 255.0,Virtual
283,192.168.1.56,Intel Xeon E5-1650 V4,3.6,6,12,49.0,16,77.0,128,233.0,Dev / Staging,Windows,Windows 12,255.255 255.0,Virtual
284,192.168.1.60,Intel Xeon E5-1650 V4,3.6,6,12,80.0,16,76.0,2024,233.0,Dev / Staging,Windows,Windows 8R2,255.255 255.0,Physical
285,192.168.1.68,Intel Xeon E5-1650 V4 (OEM/Tray),3.6,6,12,45.0,16,76.0,2024,88.0,Dev / Staging,Windows,Windows 22,255.255 255.0,Virtual
286,192.168.1.72,Intel Xeon E5-1650 V4 (OEM/Tray),3.6,6,12,80.0,16,94.0,128,4577.0,Dev / Staging,Windows,Windows 12,255.255 255.0,Physical
287,192.168.1.76,Intel Xeon E5-1650 V4 (OEM/Tray),3.6,6,12,71.0,16,68.0,512,4577.0,Dev / Staging,Windows,Windows 16,255.255 255.0,Virtual
288,192.168.1.80,Intel Xeon E5-1650 V4 (OEM/Tray),3.6,6,12,58.0,16,45.0,256,33666.0,Dev / Staging,Windows,Windows 12,255.255 255.0,Virtual
289,192.168.1.112,Intel Xeon E5-1650 V3,3.5,6,12,95.0,16,10.0,256,33666.0,Dev / Staging,Windows,Windows 20,255.255 255.0,Virtual
290,192.168.1.120,Intel Xeon E5-1650 V3,3.5,6,12,98.0,16,55.0,256,233.0,Dev / Staging,Windows,Windows 19,255.255 255.0,Physical
291,192.168.1.128,Intel Xeon E5-1650 V3,3.5,6,12,55.0,16,33.0,4048,344.0,Dev / Staging,Windows,Windows 16,255.255 255.0,Physical
292,192.168.1.132,Intel Xeon E5-1650 V3,3.5,6,12,72.0,16,89.0,512,347.0,Dev / Staging,Windows,Windows 22,255.255 255.0,Virtual
293,192.168.1.136,Intel Xeon E5-1650 V3,3.5,6,12,32.0,16,94.0,128,344.0,Dev / Staging,Windows,Windows 8,255.255 255.0,Virtual
294,192.168.1.144,Intel Core i7-5930K,3.5,6,12,60.0,16,69.0,1024,46.0,Dev / Staging,Windows,Windows 19,255.255 255.0,Physical
295,192.168.1.148,Intel Core i7-5930K,3.5,6,12,16.0,16,86.0,1024,33.0,Dev / Staging,Windows,Windows 19,255.255 255.0,Virtual
296,192.168.1.156,Intel Core i7-5930K,3.5,6,12,49.0,16,64.0,1024,4556.0,Dev / Staging,Windows,Windows 8,255.255 255.0,Physical
297,192.168.1.160,Intel Core i7-5930K,3.5,6,12,36.0,16,50.0,4048,367.0,Dev / Staging,Windows,Windows 22,255.255 255.0,Physical
298,192.168.1.172,Intel Core i7-5930K,3.5,6,12,79.0,16,69.0,128,33666.0,Dev / Staging,Windows,Windows 20,255.255 255.0,Physical
299,192.168.1.276,Intel Core i7-3960X Extreme Edition,3.3,6,12,20.0,16,59.0,2024,367.0,Dev / Staging,Windows,Windows 12,255.255 255.0,Physical
300,192.168.1.280,Intel Core i7-3960X Extreme Edition,3.3,6,12,18.0,16,47.0,2024,46.0,Dev / Staging,Windows,Windows 20,255.255 255.0,Physical
301,192.168.1.288,Intel Core i7-3960X Extreme Edition,3.3,6,12,85.0,16,11.0,256,367.0,Dev / Staging,Windows,Windows 8R2,255.255 255.0,Virtual
302,192.168.1.292,Intel Core i7-3960X Extreme Edition,3.3,6,12,11.0,16,88.0,512,180.0,Dev / Staging,Windows,Windows 16,255.255 255.0,Virtual
303,192.168.1.356,Intel Core i7-980,3.33,6,12,97.0,16,49.0,2024,33666.0,Dev / Staging,Windows,Windows 8R2,255.255 255.0,Virtual
304,192.168.1.364,Intel Core i7-980,3.33,6,12,27.0,16,31.0,512,33.0,Dev / Staging,Windows,Windows 22,255.255 255.0,Virtual
305,192.168.1.368,Intel Core i7-980,3.33,6,12,93.0,16,96.0,256,2323.0,Dev / Staging,Windows,Windows 19,255.255 255.0,Virtual
306,192.168.1.400,Intel Core i7-3930K,3.2,6,12,61.0,16,21.0,128,88.0,Dev / Staging,Windows,Windows 19,255.255 255.0,Physical
307,192.168.1.404,Intel Core i7-3930K,3.2,6,12,98.0,16,4.0,512,33.0,Dev / Staging,Windows,Windows 16,255.255 255.0,Virtual
308,192.168.1.412,Intel Core i7-3930K,3.2,6,12,21.0,16,10.0,1024,344.0,Dev / Staging,Windows,Windows 20,255.255 255.0,Physical
309,192.168.1.696,Intel Core i7-3960X Extreme Edition,3.3,6,12,95.0,16,51.0,512,66778.0,Dev / Staging,Windows,Windows 8,255.255 255.0,Physical
310,192.168.1.772,Intel Core i7-980,3.33,6,12,86.0,16,93.0,2024,340.0,Dev / Staging,Windows,Windows 19,255.255 255.0,Virtual
311,192.168.1.980,Intel Core i7-3960X Extreme Edition,3.3,6,12,46.0,16,5.0,1024,340.0,Dev / Staging,Windows,Windows 8,255.255 255.0,Virtual
312,192.168.1.984,Intel Core i7-3960X Extreme Edition,3.3,6,12,58.0,16,20.0,256,367.0,Dev / Staging,Windows,Windows 12,255.255 255.0,Physical
313,192.168.0.22,Intel Xeon E5-2630 V3 (OEM/Tray),2.4,8,16,26.0,8,55.0,128,4689.0,Dev / Staging,Windows,Windows 20,255.255 255.0,Virtual
314,192.168.0.24,Intel Xeon E5-2630 V3 (OEM/Tray),2.4,8,16,45.0,8,51.0,4048,367.0,Dev / Staging,Windows,Windows 12,255.255 255.0,Physical
315,192.168.0.26,Intel Xeon E5-2630 V3 (OEM/Tray),2.4,8,16,81.0,8,78.0,128,233.0,Dev / Staging,Windows,Windows 16,255.255 255.0,Physical
316,192.168.0.28,Intel Xeon E5-2630 V3 (OEM/Tray),2.4,8,16,18.0,8,79.0,4048,347.0,Dev / Staging,Windows,Windows 8R2,255.255 255.0,Virtual
317,192.168.0.30,Intel Xeon E5-2630 V3 (OEM/Tray),2.4,8,16,26.0,8,61.0,4048,340.0,Dev / Staging,Windows,Windows 16,255.255 255.0,Physical
318,192.168.0.194,Intel Xeon E5-1680 V3 (OEM/Tray),3.2,8,16,65.0,8,94.0,128,658.0,Dev / Staging,Windows,Windows 22,255.255 255.0,Physical
319,192.168.0.196,Intel Xeon E5-1680 V3 (OEM/Tray),3.2,8,16,19.0,8,8.0,2024,180.0,Dev / Staging,Windows,Windows 12,255.255 255.0,Physical
320,192.168.0.198,Intel Xeon E5-1680 V3 (OEM/Tray),3.2,8,16,15.0,8,60.0,2024,347.0,Dev / Staging,Windows,Windows 8R2,255.255 255.0,Virtual
321,192.168.0.258,Intel Xeon E5-2650,2.0,8,16,64.0,12,80.0,256,906.0,Dev / Staging,Windows,Windows 8,255.255 255.0,Virtual
322,192.168.0.260,Intel Xeon E5-2650,2.0,8,16,32.0,12,28.0,512,888.0,Dev / Staging,Windows,Windows 16,255.255 255.0,Physical
323,192.168.0.276,Intel Xeon E5-1660 V3 (OEM/Tray),3.0,8,16,64.0,12,77.0,256,33666.0,Dev / Staging,Windows,Windows 16,255.255 255.0,Virtual
324,192.168.0.280,Intel Xeon E5-1660 V3 (OEM/Tray),3.0,8,16,64.0,12,15.0,1024,66778.0,Dev / Staging,Windows,Windows 22,255.255 255.0,Virtual
325,192.168.0.282,Intel Xeon E5-1660 V3 (OEM/Tray),3.0,8,16,37.0,12,76.0,4048,33.0,Dev / Staging,Windows,Windows 20,255.255 255.0,Virtual
326,192.168.0.284,Intel Xeon E5-1660 V3 (OEM/Tray),3.0,8,16,65.0,12,34.0,256,906.0,Dev / Staging,Windows,Windows 20,255.255 255.0,Physical
327,192.168.0.286,Intel Core i7-5960X,3.0,8,16,35.0,12,18.0,256,347.0,Dev / Staging,Windows,Windows 22,255.255 255.0,Physical
328,192.168.0.288,Intel Core i7-5960X,3.0,8,16,87.0,12,69.0,1024,33666.0,Dev / Staging,Windows,Windows 22,255.255 255.0,Virtual
329,192.168.0.292,Intel Core i7-5960X,3.0,8,16,37.0,12,75.0,512,906.0,Dev / Staging,Windows,Windows 20,255.255 255.0,Physical
330,192.168.0.294,Intel Core i7-5960X,3.0,8,16,41.0,12,55.0,256,33.0,Dev / Staging,Windows,Windows 19,255.255 255.0,Virtual
331,192.168.0.312,Intel Xeon E5-2640 V3,2.6,8,16,24.0,8,34.0,4048,4577.0,Dev / Staging,Windows,Windows 8R2,255.255 255.0,Physical
332,192.168.0.314,Intel Xeon E5-2640 V3,2.6,8,16,83.0,8,60.0,512,88.0,Dev / Staging,Windows,Windows 8R2,255.255 255.0,Virtual
333,192.168.0.356,Intel Xeon E5-2687W,3.1,8,16,84.0,8,3.0,1024,180.0,Dev / Staging,Windows,Windows 8R2,255.255 255.0,Virtual
334,192.168.0.360,Intel Xeon E5-2687W,3.1,8,16,82.0,8,13.0,256,33666.0,Dev / Staging,Windows,Windows 20,255.255 255.0,Physical
335,192.168.0.362,Intel Xeon E5-2687W,3.1,8,16,85.0,8,36.0,4048,434.0,Dev / Staging,Windows,Windows 12,255.255 255.0,Physical
336,192.168.0.364,Intel Xeon E5-2687W,3.1,8,16,75.0,8,35.0,128,347.0,Dev / Staging,Windows,Windows 8,255.255 255.0,Virtual
337,192.168.0.386,Intel Core i7-7820X,3.6,8,16,58.0,12,78.0,256,658.0,Dev / Staging,Windows,Windows 20,255.255 255.0,Virtual
338,192.168.0.388,Intel Core i7-7820X,3.6,8,16,15.0,12,63.0,128,347.0,Dev / Staging,Windows,Windows 22,255.255 255.0,Virtual
339,192.168.0.390,Intel Core i7-7820X,3.6,8,16,75.0,12,98.0,128,2323.0,Dev / Staging,Windows,Windows 19,255.255 255.0,Physical
340,192.168.0.394,Intel Core i7-7820X,3.6,8,16,82.0,12,60.0,4048,66778.0,Dev / Staging,Windows,Windows 22,255.255 255.0,Virtual
341,192.168.0.418,Intel Xeon E5-2630 V3,2.4,8,16,79.0,8,78.0,2024,33.0,Dev / Staging,Windows,Windows 12,255.255 255.0,Physical
342,192.168.0.436,Intel Xeon E5-2640 V2,2.0,8,16,42.0,12,44.0,512,4556.0,Dev / Staging,Windows,Windows 8,255.255 255.0,Virtual
343,192.168.0.442,Intel Xeon E5-2640 V2,2.0,8,16,83.0,12,25.0,512,340.0,Dev / Staging,Windows,Windows 16,255.255 255.0,Virtual
344,192.168.1.88,Intel Xeon E5-2630 V3 (OEM/Tray),2.4,8,16,59.0,8,97.0,2024,347.0,Dev / Staging,Windows,Windows 20,255.255 255.0,Physical
345,192.168.1.92,Intel Xeon E5-2630 V3 (OEM/Tray),2.4,8,16,24.0,8,15.0,1024,66778.0,Dev / Staging,Windows,Windows 19,255.255 255.0,Physical
346,192.168.1.220,Intel Xeon E5-2640 V3,2.6,8,16,21.0,8,69.0,2024,344.0,Dev / Staging,Windows,Windows 8R2,255.255 255.0,Physical
347,192.168.1.228,Intel Xeon E5-2640 V3,2.6,8,16,62.0,8,99.0,4048,33666.0,Dev / Staging,Windows,Windows 20,255.255 255.0,Virtual
348,192.168.1.324,Intel Xeon E5-2687W,3.1,8,16,1.0,8,63.0,128,4689.0,Dev / Staging,Windows,Windows 8,255.255 255.0,Physical
349,192.168.1.328,Intel Xeon E5-2687W,3.1,8,16,63.0,8,62.0,1024,46.0,Dev / Staging,Windows,Windows 22,255.255 255.0,Virtual
350,192.168.1.384,Intel Core i7-7820X,3.6,8,16,59.0,12,71.0,128,367.0,Dev / Staging,Windows,Windows 8,255.255 255.0,Virtual
351,192.168.1.392,Intel Core i7-7820X,3.6,8,16,26.0,12,62.0,128,347.0,Dev / Staging,Windows,Windows 20,255.255 255.0,Physical
352,192.168.1.436,Intel Xeon E5-2630 V3,2.4,8,16,36.0,8,51.0,128,347.0,Dev / Staging,Windows,Windows 20,255.255 255.0,Physical
353,192.168.1.440,Intel Xeon E5-2630 V3,2.4,8,16,36.0,8,69.0,256,2323.0,Dev / Staging,Windows,Windows 16,255.255 255.0,Virtual
354,192.168.1.448,Intel Xeon E5-2630 V3,2.4,8,16,36.0,8,32.0,2024,347.0,Dev / Staging,Windows,Windows 8R2,255.255 255.0,Virtual
355,192.168.1.452,Intel Xeon E5-2630 V3,2.4,8,16,41.0,8,62.0,4048,33.0,Dev / Staging,Windows,Windows 20,255.255 255.0,Virtual
356,192.168.1.476,Intel Xeon E5-2640 V2,2.0,8,16,56.0,12,73.0,4048,340.0,Dev / Staging,Windows,Windows 22,255.255 255.0,Virtual
357,192.168.1.480,Intel Xeon E5-2640 V2,2.0,8,16,26.0,12,51.0,128,347.0,Dev / Staging,Windows,Windows 19,255.255 255.0,Physical
358,192.168.1.484,Intel Xeon E5-2640 V2,2.0,8,16,53.0,12,89.0,128,4556.0,Dev / Staging,Windows,Windows 19,255.255 255.0,Virtual
359,192.168.1.488,Intel Xeon E5-2640 V2,2.0,8,16,31.0,12,42.0,1024,33666.0,Dev / Staging,Windows,Windows 8R2,255.255 255.0,Virtual
360,192.168.1.492,Intel Xeon E5-2640 V2,2.0,8,16,2.0,12,45.0,4048,347.0,Dev / Staging,Windows,Windows 19,255.255 255.0,Physical
361,192.168.1.532,Intel Xeon E5-2650,2.0,8,16,24.0,12,43.0,512,888.0,Dev / Staging,Windows,Windows 20,255.255 255.0,Virtual
362,192.168.1.536,Intel Xeon E5-2650,2.0,8,16,28.0,12,82.0,256,2323.0,Dev / Staging,Windows,Windows 22,255.255 255.0,Virtual
363,192.168.1.540,Intel Xeon E5-2650,2.0,8,16,26.0,12,49.0,256,4556.0,Dev / Staging,Windows,Windows 20,255.255 255.0,Physical
364,192.168.1.548,Intel Xeon E5-2650,2.0,8,16,93.0,12,23.0,2024,233.0,Dev / Staging,Windows,Windows 16,255.255 255.0,Physical
365,192.168.1.572,Intel Xeon E5-1660 V3 (OEM/Tray),3.0,8,16,13.0,12,37.0,512,46.0,Dev / Staging,Windows,Windows 22,255.255 255.0,Virtual
366,192.168.1.600,Intel Core i7-5960X,3.0,8,16,33.0,12,22.0,128,4577.0,Dev / Staging,Windows,Windows 12,255.255 255.0,Virtual
367,192.168.1.604,Intel Core i7-5960X,3.0,8,16,65.0,12,6.0,512,4689.0,Dev / Staging,Windows,Windows 8,255.255 255.0,Virtual
368,192.168.1.608,Intel Core i7-5960X,3.0,8,16,66.0,12,38.0,128,347.0,Dev / Staging,Windows,Windows 20,255.255 255.0,Physical
369,192.168.1.632,Intel Xeon E5-2640 V3,2.6,8,16,15.0,8,41.0,256,367.0,Dev / Staging,Windows,Windows 8,255.255 255.0,Physical
370,192.168.1.640,Intel Xeon E5-2640 V3,2.6,8,16,54.0,8,8.0,128,340.0,Dev / Staging,Windows,Windows 22,255.255 255.0,Physical
371,192.168.1.648,Intel Xeon E5-2640 V3,2.6,8,16,16.0,8,42.0,128,340.0,Dev / Staging,Windows,Windows 19,255.255 255.0,Physical
372,192.168.1.732,Intel Xeon E5-2687W,3.1,8,16,27.0,8,81.0,2024,906.0,Dev / Staging,Windows,Windows 12,255.255 255.0,Virtual
373,192.168.1.736,Intel Xeon E5-2687W,3.1,8,16,37.0,8,64.0,2024,347.0,Dev / Staging,Windows,Windows 8R2,255.255 255.0,Virtual
374,192.168.1.740,Intel Xeon E5-2687W,3.1,8,16,3.0,8,30.0,4048,233.0,Dev / Staging,Windows,Windows 20,255.255 255.0,Physical
375,192.168.1.812,Intel Xeon E5-2650,2.0,8,16,19.0,12,40.0,512,233.0,Dev / Staging,Windows,Windows 8,255.255 255.0,Virtual
376,192.168.1.820,Intel Xeon E5-2650,2.0,8,16,8.0,12,12.0,128,888.0,Dev / Staging,Windows,Windows 22,255.255 255.0,Virtual
377,192.168.1.860,Intel Xeon E5-1660 V3 (OEM/Tray),3.0,8,16,40.0,12,96.0,128,4577.0,Dev / Staging,Windows,Windows 8R2,255.255 255.0,Physical
378,192.168.1.868,Intel Xeon E5-1660 V3 (OEM/Tray),3.0,8,16,51.0,12,93.0,256,33666.0,Dev / Staging,Windows,Windows 20,255.255 255.0,Physical
379,192.168.1.880,Intel Core i7-5960X,3.0,8,16,27.0,12,95.0,128,66778.0,Dev / Staging,Windows,Windows 22,255.255 255.0,Virtual
380,192.168.1.884,Intel Core i7-5960X,3.0,8,16,29.0,12,43.0,256,347.0,Dev / Staging,Windows,Windows 12,255.255 255.0,Physical
381,192.168.1.888,Intel Core i7-5960X,3.0,8,16,35.0,12,80.0,256,33.0,Dev / Staging,Windows,Windows 20,255.255 255.0,Virtual
382,192.168.1.912,Intel Xeon E5-2640 V3,2.6,8,16,85.0,8,26.0,128,33.0,Dev / Staging,Windows,Windows 8R2,255.255 255.0,Physical
383,192.168.1.916,Intel Xeon E5-2640 V3,2.6,8,16,79.0,8,62.0,128,66778.0,Dev / Staging,Windows,Windows 19,255.255 255.0,Virtual
384,192.168.1.920,Intel Xeon E5-2640 V3,2.6,8,16,52.0,8,4.0,4048,66778.0,Dev / Staging,Windows,Windows 8R2,255.255 255.0,Virtual
385,192.168.1.924,Intel Xeon E5-2640 V3,2.6,8,16,52.0,8,6.0,512,344.0,Dev / Staging,Windows,Windows 20,255.255 255.0,Physical
386,192.168.1.1012,Intel Xeon E5-2687W,3.1,8,16,11.0,8,32.0,512,347.0,Dev / Staging,Windows,Windows 8R2,255.255 255.0,Physical
387,192.168.1.1016,Intel Xeon E5-2687W,3.1,8,16,75.0,8,42.0,256,4577.0,Dev / Staging,Windows,Windows 16,255.255 255.0,Virtual
388,192.168.1.1020,Intel Xeon E5-2687W,3.1,8,16,96.0,8,23.0,2024,347.0,Dev / Staging,Windows,Windows 16,255.255 255.0,Physical
389,192.168.1.1024,Intel Xeon E5-2687W,3.1,8,16,99.0,8,58.0,512,888.0,Dev / Staging,Windows,Windows 8,255.255 255.0,Physical
390,192.168.1.1104,Intel Xeon E5-2650,2.0,8,16,25.0,12,49.0,128,4577.0,Dev / Staging,Windows,Windows 8R2,255.255 255.0,Virtual
391,192.168.1.1144,Intel Xeon E5-1660 V3 (OEM/Tray),3.0,8,16,51.0,12,69.0,512,906.0,Dev / Staging,Windows,Windows 8R2,255.255 255.0,Virtual
392,192.168.1.1148,Intel Xeon E5-1660 V3 (OEM/Tray),3.0,8,16,73.0,12,79.0,128,4556.0,Dev / Staging,Windows,Windows 12,255.255 255.0,Virtual
393,192.168.1.1152,Intel Core i7-5960X,3.0,8,16,8.0,12,35.0,1024,906.0,Dev / Staging,Windows,Windows 12,255.255 255.0,Physical
394,192.168.0.126,Intel Xeon E5-2687W V3,3.1,10,18,56.0,16,46.0,4048,2323.0,Staging,Windows,Windows 22,255.255 255.0,Physical
395,192.168.0.218,Intel Core i7-6950X (OEM/Tray),3.0,10,18,52.0,16,70.0,256,4689.0,Staging,Windows,Windows 20,255.255 255.0,Virtual
396,192.168.0.268,Intel Core i9-7900X,3.3,10,18,66.0,16,33.0,512,88.0,Staging,Windows,Windows 22,255.255 255.0,Virtual
397,192.168.0.270,Intel Core i9-7900X,3.3,10,18,92.0,16,39.0,2024,367.0,Staging,Windows,Windows 16,255.255 255.0,Physical
398,192.168.0.296,Intel Xeon E5-2640 V4,2.4,10,18,67.0,16,37.0,128,4689.0,Staging,Windows,Windows 16,255.255 255.0,Virtual
399,192.168.0.298,Intel Xeon E5-2640 V4,2.4,10,18,82.0,16,97.0,1024,4689.0,Staging,Windows,Windows 8,255.255 255.0,Physical
400,192.168.0.366,Intel Xeon E5-2680 V2,2.8,10,18,65.0,16,75.0,1024,46.0,Staging,Windows,Windows 16,255.255 255.0,Physical
401,192.168.0.368,Intel Xeon E5-2680 V2,2.8,10,18,74.0,16,47.0,256,434.0,Staging,Windows,Windows 8,255.255 255.0,Virtual
402,192.168.0.370,Intel Xeon E5-2680 V2,2.8,10,18,38.0,16,47.0,128,340.0,Staging,Windows,Windows 20,255.255 255.0,Physical
403,192.168.0.408,Intel Xeon E5-2630 V4,2.2,10,18,21.0,16,72.0,256,46.0,Staging,Windows,Windows 19,255.255 255.0,Physical
404,192.168.0.412,Intel Xeon E5-2630 V4,2.2,10,18,45.0,16,45.0,1024,347.0,Staging,Windows,Windows 8R2,255.255 255.0,Physical
405,192.168.1.336,Intel Xeon E5-2680 V2,2.8,10,18,7.0,16,9.0,512,888.0,Staging,Windows,Windows 8R2,255.255 255.0,Physical
406,192.168.1.340,Intel Xeon E5-2680 V2,2.8,10,18,40.0,16,47.0,128,367.0,Dev / Staging,Windows,Windows 19,255.255 255.0,Physical
407,192.168.1.348,Intel Xeon E5-2680 V2,2.8,10,18,27.0,16,96.0,2024,2323.0,Dev / Staging,Windows,Windows 20,255.255 255.0,Virtual
408,192.168.1.352,Intel Xeon E5-2680 V2,2.8,10,18,86.0,16,96.0,128,340.0,Dev / Staging,Windows,Windows 20,255.255 255.0,Physical
409,192.168.1.420,Intel Xeon E5-2630 V4,2.2,10,18,81.0,16,41.0,2024,88.0,Dev / Staging,Windows,Windows 16,255.255 255.0,Virtual
410,192.168.1.428,Intel Xeon E5-2630 V4,2.2,10,18,42.0,16,54.0,4048,33.0,Dev / Staging,Windows,Windows 8,255.255 255.0,Physical
411,192.168.1.564,Intel Core i9-7900X,3.3,10,18,2.0,16,62.0,4048,658.0,Dev / Staging,Windows,Windows 16,255.255 255.0,Virtual
412,192.168.1.612,Intel Xeon E5-2640 V4,2.4,10,18,97.0,16,82.0,256,347.0,Dev / Staging,Windows,Windows 8R2,255.255 255.0,Physical
413,192.168.1.628,Intel Xeon E5-2640 V4,2.4,10,18,12.0,16,42.0,512,347.0,Dev / Staging,Windows,Windows 22,255.255 255.0,Physical
414,192.168.1.752,Intel Xeon E5-2680 V2,2.8,10,18,36.0,16,71.0,1024,344.0,Dev / Staging,Windows,Windows 8R2,255.255 255.0,Virtual
415,192.168.1.760,Intel Xeon E5-2680 V2,2.8,10,18,63.0,16,62.0,512,2323.0,Dev / Staging,Windows,Windows 8R2,255.255 255.0,Physical
416,192.168.1.768,Intel Xeon E5-2680 V2,2.8,10,18,16.0,16,98.0,4048,347.0,Dev / Staging,Windows,Windows 22,255.255 255.0,Physical
417,192.168.1.832,Intel Core i9-7900X,3.3,10,18,30.0,16,17.0,512,906.0,Dev / Staging,Windows,Windows 8,255.255 255.0,Physical
418,192.168.1.840,Intel Core i9-7900X,3.3,10,18,48.0,16,13.0,128,33.0,Dev / Staging,Windows,Windows 20,255.255 255.0,Physical
419,192.168.1.848,Intel Core i9-7900X,3.3,10,18,62.0,16,9.0,4048,367.0,Dev / Staging,Windows,Windows 8,255.255 255.0,Physical
420,192.168.1.892,Intel Xeon E5-2640 V4,2.4,10,18,70.0,16,46.0,1024,888.0,Dev / Staging,Windows,Windows 19,255.255 255.0,Virtual
421,192.168.1.896,Intel Xeon E5-2640 V4,2.4,10,18,35.0,16,55.0,128,367.0,Dev / Staging,Windows,Windows 8,255.255 255.0,Virtual
422,192.168.1.904,Intel Xeon E5-2640 V4,2.4,10,18,92.0,16,91.0,128,46.0,Dev / Staging,Windows,Windows 16,255.255 255.0,Physical
423,192.168.1.1032,Intel Xeon E5-2680 V2,2.8,10,18,52.0,16,54.0,256,4577.0,Dev / Staging,Windows,Windows 20,255.255 255.0,Physical
424,192.168.1.1036,Intel Xeon E5-2680 V2,2.8,10,18,32.0,16,65.0,1024,367.0,Dev / Staging,Windows,Windows 12,255.255 255.0,Virtual
425,192.168.1.1116,Intel Core i9-7900X,3.3,10,18,81.0,16,81.0,256,906.0,Dev / Staging,Windows,Windows 19,255.255 255.0,Virtual
426,192.168.1.1120,Intel Core i9-7900X,3.3,10,18,2.0,16,82.0,256,88.0,Dev / Staging,Windows,Windows 12,255.255 255.0,Physical
427,192.168.1.1128,Intel Core i9-7900X,3.3,10,18,60.0,16,57.0,4048,344.0,Dev / Staging,Windows,Windows 12,255.255 255.0,Physical
428,192.168.0.96,Intel Xeon E5-2697 V2,2.7,12,20,59.0,16,8.0,128,906.0,Dev / Staging,Windows,Windows 12,255.255 255.0,Physical
429,192.168.0.98,Intel Xeon E5-2697 V2,2.7,12,20,75.0,16,26.0,128,33666.0,Dev / Staging,Windows,Windows 8R2,255.255 255.0,Virtual
430,192.168.0.104,Intel Xeon E5-2697 V2,2.7,12,20,75.0,16,93.0,2024,658.0,Dev / Staging,Windows,Windows 19,255.255 255.0,Virtual
431,192.168.0.108,Intel Xeon E5-2695 V2,2.4,12,20,84.0,16,20.0,256,434.0,Dev / Staging,Windows,Windows 20,255.255 255.0,Virtual
432,192.168.0.110,Intel Xeon E5-2695 V2,2.4,12,20,24.0,16,87.0,256,33.0,Dev / Staging,Windows,Windows 19,255.255 255.0,Virtual
433,192.168.0.112,Intel Xeon E5-2695 V2,2.4,12,20,54.0,16,44.0,4048,888.0,Dev / Staging,Windows,Windows 19,255.255 255.0,Virtual
434,192.168.0.134,Intel Xeon E5-2687W V4,3.0,12,20,89.0,16,82.0,512,33666.0,Dev / Staging,Windows,Windows 8,255.255 255.0,Virtual
435,192.168.0.138,Intel Xeon E5-2687W V4,3.0,12,20,65.0,16,11.0,512,233.0,Dev / Staging,Windows,Windows 12,255.255 255.0,Virtual
436,192.168.0.140,Intel Xeon E5-2687W V4,3.0,12,20,35.0,16,66.0,4048,180.0,Dev / Staging,Windows,Windows 22,255.255 255.0,Virtual
437,192.168.0.156,Intel Xeon E5-2690 V3,2.6,12,20,59.0,16,12.0,1024,906.0,Dev / Staging,Windows,Windows 8R2,255.255 255.0,Virtual
438,192.168.0.158,Intel Xeon E5-2690 V3,2.6,12,20,14.0,16,92.0,2024,233.0,Dev / Staging,Windows,Windows 8,255.255 255.0,Virtual
439,192.168.0.162,Intel Xeon E5-2690 V3,2.6,12,20,79.0,16,87.0,2024,434.0,Dev / Staging,Windows,Windows 8R2,255.255 255.0,Physical
440,192.168.0.166,Intel Xeon E5-2690 V3,2.6,12,20,73.0,16,17.0,1024,347.0,Dev / Staging,Windows,Windows 8,255.255 255.0,Virtual
441,192.168.0.238,Intel Xeon E5-2680 V3 (OEM/Tray),2.5,12,20,4.0,16,51.0,512,888.0,Dev / Staging,Windows,Windows 19,255.255 255.0,Physical
442,192.168.0.240,Intel Xeon E5-2680 V3 (OEM/Tray),2.5,12,20,24.0,16,89.0,2024,347.0,Dev / Staging,Windows,Windows 19,255.255 255.0,Virtual
443,192.168.0.244,Intel Xeon E5-2680 V3 (OEM/Tray),2.5,12,20,10.0,16,22.0,256,66778.0,Dev / Staging,Windows,Windows 8,255.255 255.0,Physical
444,192.168.1.496,Intel Xeon E5-2680 V3 (OEM/Tray),2.5,12,20,34.0,16,26.0,2024,434.0,Dev / Staging,Windows,Windows 22,255.255 255.0,Virtual
445,192.168.1.504,Intel Xeon E5-2680 V3 (OEM/Tray),2.5,12,20,38.0,16,78.0,4048,180.0,Dev / Staging,Windows,Windows 12,255.255 255.0,Physical
446,192.168.1.784,Intel Xeon E5-2680 V3 (OEM/Tray),2.5,12,20,76.0,16,60.0,2024,434.0,Dev / Staging,Windows,Windows 22,255.255 255.0,Physical
447,192.168.1.1060,Intel Xeon E5-2680 V3 (OEM/Tray),2.5,12,20,2.0,16,71.0,4048,4577.0,Dev / Staging,Windows,Windows 20,255.255 255.0,Virtual
448,192.168.1.1068,Intel Xeon E5-2680 V3 (OEM/Tray),2.5,12,20,78.0,16,51.0,1024,2323.0,Dev / Staging,Windows,Windows 12,255.255 255.0,Physical
449,192.168.0.86,Intel Xeon E5-2695 V3 (OEM/Tray),2.3,14,24,89.0,48,93.0,1024,4577.0,Dev,Windows,Windows 20,255.255 255.0,Virtual
450,192.168.0.88,Intel Xeon E5-2695 V3 (OEM/Tray),2.3,14,24,66.0,48,68.0,1024,33666.0,Dev,Windows,Windows 20,255.255 255.0,Physical
451,192.168.0.90,Intel Xeon E5-2695 V3 (OEM/Tray),2.3,14,24,52.0,48,47.0,4048,33.0,Dev,Windows,Windows 8R2,255.255 255.0,Virtual
452,192.168.0.92,Intel Xeon E5-2695 V3 (OEM/Tray),2.3,14,24,26.0,48,46.0,1024,4577.0,Dev,Windows,Windows 22,255.255 255.0,Physical
453,192.168.0.94,Intel Xeon E5-2695 V3 (OEM/Tray),2.3,14,24,62.0,48,94.0,128,906.0,Dev,Windows,Windows 22,255.255 255.0,Physical
454,192.168.0.144,Intel Xeon E5-2690 V4,2.6,14,24,9.0,48,45.0,256,4556.0,Dev,Windows,Windows 19,255.255 255.0,Virtual
455,192.168.0.146,Intel Xeon E5-2690 V4,2.6,14,24,56.0,48,68.0,128,46.0,Dev,Windows,Windows 8,255.255 255.0,Virtual
456,192.168.0.150,Intel Xeon E5-2690 V4,2.6,14,24,11.0,48,99.0,2024,88.0,Dev,Windows,Windows 19,255.255 255.0,Physical
457,192.168.0.154,Intel Xeon E5-2690 V4,2.6,14,24,84.0,48,74.0,512,367.0,Dev,Windows,Windows 16,255.255 255.0,Physical
458,192.168.0.226,Intel Xeon E5-2680 V4,2.4,14,24,67.0,64,79.0,4048,347.0,Dev / Staging,Windows,Windows 8,255.255 255.0,Virtual
459,192.168.0.230,Intel Xeon E5-2680 V4,2.4,14,24,75.0,64,19.0,4048,347.0,Dev / Staging,Windows,Windows 22,255.255 255.0,Virtual
460,192.168.0.232,Intel Xeon E5-2680 V4,2.4,14,24,97.0,64,61.0,1024,4577.0,Dev / Staging,Windows,Windows 22,255.255 255.0,Virtual
461,192.168.0.246,Intel Xeon E5-2660 V4,2.0,14,24,79.0,48,86.0,4048,33.0,Dev,Windows,Windows 8R2,255.255 255.0,Virtual
462,192.168.0.250,Intel Xeon E5-2660 V4,2.0,14,24,84.0,48,97.0,256,4689.0,Dev,Windows,Windows 12,255.255 255.0,Virtual
463,192.168.0.252,Intel Xeon E5-2660 V4,2.0,14,24,17.0,48,37.0,2024,367.0,Dev,Windows,Windows 20,255.255 255.0,Virtual
464,192.168.1.208,Intel Xeon E5-2695 V3 (OEM/Tray),2.3,14,24,6.0,64,98.0,2024,344.0,Dev / Staging,Windows,Windows 12,255.255 255.0,Virtual
465,192.168.1.516,Intel Xeon E5-2660 V4,2.0,14,24,26.0,64,69.0,128,340.0,Dev / Staging,Windows,Windows 12,255.255 255.0,Physical
466,192.168.1.520,Intel Xeon E5-2660 V4,2.0,14,24,90.0,64,9.0,128,344.0,Dev / Staging,Windows,Windows 19,255.255 255.0,Physical
467,192.168.1.792,Intel Xeon E5-2660 V4,2.0,14,24,15.0,64,90.0,512,658.0,Dev / Staging,Windows,Windows 22,255.255 255.0,Physical
468,192.168.1.796,Intel Xeon E5-2660 V4,2.0,14,24,67.0,64,16.0,2024,4556.0,Dev / Staging,Windows,Windows 20,255.255 255.0,Virtual
469,192.168.1.808,Intel Xeon E5-2660 V4,2.0,14,24,62.0,64,79.0,4048,2323.0,Dev / Staging,Windows,Windows 8,255.255 255.0,Virtual
470,192.168.1.1076,Intel Xeon E5-2660 V4,2.0,14,24,46.0,64,51.0,128,344.0,Dev / Staging,Windows,Windows 19,255.255 255.0,Virtual
471,192.168.1.1080,Intel Xeon E5-2660 V4,2.0,14,24,2.0,64,51.0,1024,340.0,Dev / Staging,Windows,Windows 20,255.255 255.0,Virtual
472,192.168.1.1084,Intel Xeon E5-2660 V4,2.0,14,24,64.0,64,85.0,512,344.0,Dev / Staging,Windows,Windows 8R2,255.255 255.0,Virtual
473,192.168.0.168,Intel Xeon E5-2683 V4,2.1,16,32,80.0,48,19.0,4048,4577.0,Prod,Windows,Windows 22,255.255 255.0,Virtual
474,192.168.0.172,Intel Xeon E5-2683 V4,2.1,16,32,33.0,48,50.0,4048,33.0,Prod,Windows,Windows 19,255.255 255.0,Virtual
475,192.168.0.176,Intel Xeon E5-2683 V4,2.1,16,32,33.0,48,99.0,512,658.0,Prod,Windows,Windows 16,255.255 255.0,Physical
476,192.168.0.178,Intel Xeon E5-2683 V4,2.1,16,32,63.0,48,59.0,1024,4689.0,Prod,Windows,Windows 20,255.255 255.0,Virtual
477,192.168.0.326,AMD Opteron 6378,2.4,16,32,53.0,48,71.0,128,2323.0,Prod,Windows,Windows 8R2,255.255 255.0,Virtual
478,192.168.0.330,AMD Opteron 6378,2.4,16,32,87.0,48,87.0,2024,180.0,Prod,Windows,Windows 22,255.255 255.0,Virtual
479,192.168.0.332,AMD Opteron 6378,2.4,16,32,29.0,48,91.0,2024,888.0,Prod,Windows,Windows 22,255.255 255.0,Virtual
480,192.168.0.334,AMD Opteron 6378,2.4,16,32,52.0,48,58.0,1024,2323.0,Prod,Windows,Windows 8,255.255 255.0,Physical
481,192.168.1.256,AMD Opteron 6378,2.4,16,32,33.0,48,3.0,2024,2323.0,Prod,Windows,Windows 12,255.255 255.0,Physical
482,192.168.1.260,AMD Opteron 6378,2.4,16,32,92.0,48,51.0,256,340.0,Prod,Windows,Windows 20,255.255 255.0,Physical
483,192.168.1.264,AMD Opteron 6378,2.4,16,32,24.0,48,44.0,128,906.0,Prod,Windows,Windows 8R2,255.255 255.0,Virtual
484,192.168.1.272,AMD Opteron 6378,2.4,16,32,6.0,48,54.0,256,46.0,Prod,Windows,Windows 16,255.255 255.0,Virtual
485,192.168.1.676,AMD Opteron 6378,2.4,16,32,53.0,48,99.0,256,180.0,Prod,Windows,Windows 16,255.255 255.0,Virtual
486,192.168.1.680,AMD Opteron 6378,2.4,16,32,37.0,48,4.0,512,434.0,Prod,Windows,Windows 16,255.255 255.0,Physical
487,192.168.1.952,AMD Opteron 6378,2.4,16,32,28.0,48,6.0,128,180.0,Prod,Windows,Windows 19,255.255 255.0,Virtual
488,192.168.1.960,AMD Opteron 6378,2.4,16,32,63.0,48,58.0,2024,367.0,Prod,Windows,Windows 20,255.255 255.0,Physical
489,192.168.0.68,Intel Xeon E5-2699 V3 (OEM/Tray),2.3,18,34,97.0,64,84.0,512,906.0,Prod,Windows,Windows 22,255.255 255.0,Physical
490,192.168.0.72,Intel Xeon E5-2697 V4,2.3,18,34,97.0,72,16.0,4048,33666.0,Prod,Windows,Windows 20,255.255 255.0,Virtual
491,192.168.0.78,Intel Xeon E5-2697 V4,2.3,18,34,85.0,48,14.0,4048,340.0,Prod,Windows,Windows 16,255.255 255.0,Physical
492,192.168.1.176,Intel Xeon E5-2699 V3 (OEM/Tray),2.3,18,34,54.0,72,86.0,4048,434.0,Prod,Windows,Windows 8R2,255.255 255.0,Physical
493,192.168.1.180,Intel Xeon E5-2699 V3 (OEM/Tray),2.3,18,34,34.0,72,55.0,4048,347.0,Prod,Windows,Windows 12,255.255 255.0,Physical
494,192.168.1.184,Intel Xeon E5-2697 V4,2.3,18,34,88.0,72,69.0,1024,906.0,Prod,Windows,Windows 8,255.255 255.0,Physical
495,192.168.1.188,Intel Xeon E5-2697 V4,2.3,18,34,38.0,72,53.0,128,66778.0,Prod,Windows,Windows 8R2,255.255 255.0,Physical
496,192.168.1.204,Intel Xeon E5-2697 V4,2.3,18,34,14.0,72,3.0,256,906.0,Prod,Windows,Windows 16,255.255 255.0,Virtual
497,192.168.0.182,Intel Xeon E5-2699 V4 (OEM/Tray),2.2,22,44,20.0,128,44.0,128,434.0,Prod,Windows,Windows 16,255.255 255.0,Physical
498,192.168.0.186,Intel Xeon E5-2699 V4 (OEM/Tray),2.2,22,44,8.0,128,35.0,1024,434.0,Prod,Windows,Windows 16,255.255 255.0,Virtual
499,192.168.0.190,Intel Xeon E5-2699 V4 (OEM/Tray),2.2,22,44,65.0,128,16.0,4048,4556.0,Prod,Windows,Windows 20,255.255 255.0,Physical
